http://Tribunnews.com: Golongan Darah O Boleh Bernafas Lega Karena Kebal Covid-19, Namun Harus Waspada Terhadap Camilan Ini. https://tribunnews.com/corona/2020/10/29/golongan-darah-o-boleh-bernafas-lega-karena-kebal-covid-19-namun-harus-waspada-terhadap-camilan-ini…  melalui  @GoogleNews
Nambahin, pernah denger katanya kalau OP pasien covid. Itu memakai ruangan bertekanan negatif.
Ah mungkin nunggu kamu sama nunggu vaksin covid gak ada bedanya 
Macam mana la kau nak go deep into NWO, freemason dan sebagainya if pasal covid ni pun si faizal kata fake pun dah percaya. Mental tak kuat lagi nak deep. What you saw now on the internet is just a fraction of intentionally designated truths. Btw standby, perhaps gold nk terbang!
Abs sembuh dari covid mang zlatan jd ga fokus nendang pinalty, udah ga kaya firman utina lagi
Tak scan punya pasal. Kan dah covid 
Sudah WHO sendiri yg ngeluarin ilustrasi soal covid indo   Masih aja ad org polos stupid merasa negaranya baik banget nanganin COVID   Apalagi dibandingkan America Rusia katanya
SONGBIRD: Filem thriller distopia yang diterbitkan oleh Michael Bay menonjolkan kejatuhan masyarakat Amerika Syarikat - empat tahun selepas mutasi wabak pandemik Covid-19!  #SONGBIRDMOVIE
hahahaah telles tak scan pastu kena covid 
Inget besok jumat dan jumat terakhir di oktober   mangats masa depan yang khilal ny ketutup sm covid 
Cegah Covid-19, PJI Demokrasi Kota Tangerang Bagikan Ribuan Masker Gratis. http://dlvr.it/RkbSkp
Aku rasa, dah buntu tu, nak bg h20, komedi takut, last2 redo je tunggu je covid setel..haha beza sungguh umno sekarang ni
Bkn KKM, PDRM, ATM, Penjara sahaja frontliner atau pn wira negara.. Tp kita SEMUA adalah FRONLINER dan juga WIRA negara.. Ayuh sama-sama Kita cegah serta putuskan rangkaian COVID-19.. STAY AT HOME,Patuhi SOP.. Rumah tempat kita, bkn penjara tempat kita
Conclusion from umno’s statement, covid reda terus buat pru & calon perdana menteri mesti daripada umno.
Nikah ajalah wak ross  @ValeYellow46  pasti sembuh tu covid mu
Ya gimana, indonesia kn keren. Ntar di bawak pake ambulance katanya kenak covid
Tapi musim musim Covid ni takda orang. Jangan jangan makcik nasi lemak takkkkk
Hahaha benci laaa covid ni lama lagi ke 
Pak Tito salah satu orang yang percaya covid tidak semengerikan di media.
kalau suami habis kentut terus bauk, trus istrinya pasti marah banget, tapi lansung deh dia bilang selamat ya sayang brrti masih bisa mencium alias negative covid  ya tapi kan... grrrrr
Peta/Data Jumlah Sebaran Kasus Covid-19 di Kec Trucuk, hari Kamis tgl. 29-10-2020 - @DinkesKabKlaten   @kominfo_klt   @humaskabklaten   @PemkabKlaten   @satpol_ppklaten   @BPBDKABKLATEN @MaturdokterK   -
